ds,yhat,yhat_lower,yhat_upper,fecha,afluencia,zscore_robusto,anomalia_mad,det_prophet,det_mad,prioridad_auditoria,linea,estacion,impacto_pasajeros,direccion_anomalia
2022-05-17,15346.223981139672,11545.674912503886,19438.4557107201,2022-05-17,19923,5.320549452232215,True,True,True,CRÍTICA (Consenso),linea 1,cuauhtémoc,4577.0,Alza (Pico atípico)
2025-09-24,16686.286052827727,13553.247723154303,20245.244966563478,2025-09-24,21414,5.470869487224604,True,True,True,CRÍTICA (Consenso),linea 1,candelaria,4728.0,Alza (Pico atípico)
2025-12-22,22640.619500954665,19477.5303351963,25980.78139970336,2025-12-22,29775,7.765203254738722,True,True,True,CRÍTICA (Consenso),linea 1,candelaria,7134.0,Alza (Pico atípico)
2026-04-05,18849.51507200842,14667.887971904755,23348.685485507565,2026-04-05,23465,4.706817866260094,True,True,True,CRÍTICA (Consenso),linea 1,san lázaro,4615.0,Alza (Pico atípico)
2024-01-01,-3668.6340172627824,-10434.358500302871,3436.9119243338914,2024-01-01,5485,-5.30410183727941,True,True,True,CRÍTICA (Consenso),linea 1,merced,9154.0,Alza (Pico atípico)
2022-04-05,16918.209342111284,11345.078513973283,22358.253601981694,2022-04-05,24878,9.024840226443168,True,True,True,CRÍTICA (Consenso),linea 1,tacubaya,7960.0,Alza (Pico atípico)
2025-08-29,33112.37334192742,22825.358890575677,43517.66472316196,2025-08-29,44426,13.882476465748791,True,True,True,CRÍTICA (Consenso),linea 1,pino suárez,11314.0,Alza (Pico atípico)
2025-11-10,14728.06818042098,11006.76664821851,18324.29901530695,2025-11-10,18495,12.639106085124665,True,True,True,CRÍTICA (Consenso),linea 1,cuauhtémoc,3767.0,Alza (Pico atípico)
2025-06-28,28887.137240431224,18720.556063733125,38092.94798386072,2025-06-28,46438,7.974100034000204,True,True,True,CRÍTICA (Consenso),linea 1,insurgentes,17551.0,Alza (Pico atípico)
2025-09-17,19416.234627275906,15335.917573580504,23656.73850990381,2025-09-17,23885,18.71215899179423,True,True,True,CRÍTICA (Consenso),linea 1,san lázaro,4469.0,Alza (Pico atípico)
2025-04-21,21967.27374372582,18228.10196865144,25702.61394655112,2025-04-21,27294,8.256606718011152,True,True,True,CRÍTICA (Consenso),linea 1,san lázaro,5327.0,Alza (Pico atípico)
2023-11-27,12147.775636243241,8378.094035470096,16088.067654551105,2023-11-27,0,-4.06606804755544,True,True,True,CRÍTICA (Consenso),linea 1,cuauhtémoc,-12148.0,Baja (Caída atípica)
2022-07-16,10413.661810104662,7941.817105893602,12744.215559450693,2022-07-16,0,-9.10758028971081,True,True,True,CRÍTICA (Consenso),linea 1,boulevard puerto aéreo,-10414.0,Baja (Caída atípica)
2022-07-12,11884.662933237767,9235.592787873584,14215.566371672161,2022-07-12,0,-12.163932655142192,True,True,True,CRÍTICA (Consenso),linea 1,boulevard puerto aéreo,-11885.0,Baja (Caída atípica)
2022-07-14,14354.343211804935,11514.2362643215,17391.09003321205,2022-07-14,0,-10.006223703798518,True,True,True,CRÍTICA (Consenso),linea 1,salto del agua,-14354.0,Baja (Caída atípica)
2026-04-04,11719.796342999887,7939.594717829854,15264.042252328218,2026-04-04,7792,-13.537707970494392,True,True,True,CRÍTICA (Consenso),linea 1,cuauhtémoc,-3928.0,Baja (Caída atípica)
2022-07-28,30991.696114000813,25291.25389085476,36942.48035475081,2022-07-28,0,-18.62977443704904,True,True,True,CRÍTICA (Consenso),linea 1,pantitlán,-30992.0,Baja (Caída atípica)
2023-04-06,9044.818826574357,5488.168432978567,12838.341580546696,2023-04-06,5348,-16.102233004964145,True,True,True,CRÍTICA (Consenso),linea 1,cuauhtémoc,-3697.0,Baja (Caída atípica)
2023-11-19,25034.36302241605,16364.069544631653,33686.99908370779,2023-11-19,0,-6.820523149174201,True,True,True,CRÍTICA (Consenso),linea 1,observatorio,-25034.0,Baja (Caída atípica)
2022-07-12,8956.497995999069,7396.677985063196,10534.01815075185,2022-07-12,0,-81.4159692973783,True,True,True,CRÍTICA (Consenso),linea 1,balbuena,-8956.0,Baja (Caída atípica)
2026-04-03,16972.17179135382,13662.485648903901,20206.58690163506,2026-04-03,7152,-18.612159522205616,True,True,True,CRÍTICA (Consenso),linea 1,candelaria,-9820.0,Baja (Caída atípica)
2023-11-01,13619.075919712302,10581.65703194811,16718.151098291666,2023-11-01,8741,8741000000.0,True,True,True,CRÍTICA (Consenso),linea 1,moctezuma,-4878.0,Baja (Caída atípica)
2025-12-24,16603.950755094047,12235.693054643769,20764.837748897953,2025-12-24,9421,-5.2855548575390525,True,True,True,CRÍTICA (Consenso),linea 1,isabel la católica,-7183.0,Baja (Caída atípica)
2023-10-31,11092.24722502946,6767.714391977604,15451.235381519127,2023-10-31,6603,6603000000.0,True,True,True,CRÍTICA (Consenso),linea 1,san lázaro,-4489.0,Baja (Caída atípica)
2025-04-23,19640.776409314105,14245.460344257872,24863.789321196902,2025-04-23,6281,6281000000.0,True,True,True,CRÍTICA (Consenso),linea 1,sevilla,-13360.0,Baja (Caída atípica)
2025-04-17,19559.499797029417,16388.787439906875,22856.633077087215,2025-04-17,13822,-86.29590316523075,True,True,True,CRÍTICA (Consenso),linea 1,gómez farias,-5737.0,Baja (Caída atípica)
2025-04-18,16733.144201672294,14281.44166121865,19393.71580774328,2025-04-18,9206,-20.924601112000342,True,True,True,CRÍTICA (Consenso),linea 1,boulevard puerto aéreo,-7527.0,Baja (Caída atípica)
2023-11-16,16660.890972173613,11462.692232999147,22185.43571455774,2023-11-16,0,-9.15997322438689,True,True,True,CRÍTICA (Consenso),linea 1,tacubaya,-16661.0,Baja (Caída atípica)
2024-03-30,29043.491349296186,19063.304937950965,39367.19737436182,2024-03-30,16356,-85.4375030988183,True,True,True,CRÍTICA (Consenso),linea 1,pino suárez,-12687.0,Baja (Caída atípica)
2026-06-11,21242.511080850887,17154.49240416919,25679.806212591742,2026-06-11,14824,-6.2024022009312505,True,True,True,CRÍTICA (Consenso),linea 1,san lázaro,-6419.0,Baja (Caída atípica)
2026-06-11,21370.525570870308,18179.53024985125,24462.8188125847,2026-06-11,14386,-9.641821128864903,True,True,True,CRÍTICA (Consenso),linea 1,gómez farias,-6985.0,Baja (Caída atípica)
2022-06-19,16538.43218734373,13230.248974874203,19990.390945006187,2022-06-19,10963,-3.8999330993814323,True,True,True,CRÍTICA (Consenso),linea 1,gómez farías,-5575.0,Baja (Caída atípica)
2022-07-22,17948.08855741144,13636.366596840511,22047.470371945827,2022-07-22,0,-8.669563346708212,True,True,True,CRÍTICA (Consenso),linea 1,isabel la católica,-17948.0,Baja (Caída atípica)
2022-07-18,8969.571920714412,7382.77926091595,10520.93373307829,2022-07-18,0,-20.104247478169174,True,True,True,CRÍTICA (Consenso),linea 1,balbuena,-8970.0,Baja (Caída atípica)
2022-07-10,6630.188226588976,877.0095618867571,12010.436675561283,2022-07-10,0,-12.881058680580242,True,True,True,CRÍTICA (Consenso),linea 1,sevilla,-6630.0,Baja (Caída atípica)
2022-07-21,31192.285566601447,25434.54618054015,37158.02439852857,2022-07-21,0,-18.72864313644472,True,True,True,CRÍTICA (Consenso),linea 1,pantitlán,-31192.0,Baja (Caída atípica)
2026-04-03,22428.409822312926,19244.90804117225,25544.381075419486,2026-04-03,11706,-12858000000.0,True,True,True,CRÍTICA (Consenso),linea 1,gómez farias,-10722.0,Baja (Caída atípica)
2023-10-30,13331.885498087047,10295.571424467716,16473.18447023668,2023-10-30,9289,9289000000.0,True,True,True,CRÍTICA (Consenso),linea 1,moctezuma,-4043.0,Baja (Caída atípica)
2023-11-13,29710.322777261903,20460.001971236277,39099.50662705453,2023-11-13,0,-70.40398764074816,True,True,True,CRÍTICA (Consenso),linea 1,chapultepec,-29710.0,Baja (Caída atípica)
2022-07-12,14615.18935841025,11729.358411821777,17573.22674320667,2022-07-12,0,-10.971813886366148,True,True,True,CRÍTICA (Consenso),linea 1,salto del agua,-14615.0,Baja (Caída atípica)
2022-07-11,32450.64434481979,27957.206822696,37388.75940135651,2022-07-11,0,-36.48995005148949,True,True,True,CRÍTICA (Consenso),linea 1,zaragoza,-32451.0,Baja (Caída atípica)
2023-11-02,10029.462705803386,5887.024047265899,14169.852344896892,2023-11-02,4969,4969000000.0,True,True,True,CRÍTICA (Consenso),linea 1,san lázaro,-5060.0,Baja (Caída atípica)
2025-11-13,12174.215890985284,10525.639618938494,13812.055487404106,2025-11-13,13939,4.868531687904043,True,True,True,CRÍTICA (Consenso),linea 12,hospital 20 de noviembre,1765.0,Alza (Pico atípico)
2025-11-04,13461.934579929424,11512.351386708226,15415.888674780337,2025-11-04,15613,5.790606241158409,True,True,True,CRÍTICA (Consenso),linea 12,eje central,2151.0,Alza (Pico atípico)
2024-02-04,5500.0988983969455,3070.7620032028667,7901.982138572189,2024-02-04,9417,9417000000.0,True,True,True,CRÍTICA (Consenso),linea 12,zapotitlán,3917.0,Alza (Pico atípico)
2024-02-11,5990.592237769382,3455.6237178164547,8413.18268198845,2024-02-11,10905,10905000000.0,True,True,True,CRÍTICA (Consenso),linea 12,zapotitlán,4914.0,Alza (Pico atípico)
2025-04-02,12993.439568952075,11258.225491648132,14589.706959572739,2025-04-02,14645,9.491048315434076,True,True,True,CRÍTICA (Consenso),linea 12,zapata,1652.0,Alza (Pico atípico)
2023-01-22,2088.7752449834743,416.26845005086636,3653.3450194078655,2023-01-22,3789,3789000000.0,True,True,True,CRÍTICA (Consenso),linea 12,zapata,1700.0,Alza (Pico atípico)
2025-02-24,4873.844767053871,4134.561794148992,5633.045678336832,2025-02-24,5940,4.754992054582773,True,True,True,CRÍTICA (Consenso),linea 12,tlaltenco,1066.0,Alza (Pico atípico)
2025-04-19,10820.675455973624,9067.113168937267,12464.781148777587,2025-04-19,7273,-10.25935941642539,True,True,True,CRÍTICA (Consenso),linea 12,zapata,-3548.0,Baja (Caída atípica)
2024-01-29,9761.81033550399,7386.904706171461,12384.604978903682,2024-01-29,1,1000000.0,True,True,True,CRÍTICA (Consenso),linea 12,zapotitlán,-9761.0,Baja (Caída atípica)
2026-06-24,9158.246736381969,7337.866955991707,10990.288148642587,2026-06-24,6569,-12.016413005699732,True,True,True,CRÍTICA (Consenso),linea 12,ermita,-2589.0,Baja (Caída atípica)
2024-03-29,9314.560662373357,7232.255706778137,11669.09439651789,2024-03-29,4284,-47.08558645692711,True,True,True,CRÍTICA (Consenso),linea 12,san andrés tomatlán,-5031.0,Baja (Caída atípica)
2023-03-12,19633.53033823172,14961.617070575006,24310.805501545976,2023-03-12,13630,-8.236962827005765,True,True,True,CRÍTICA (Consenso),linea 12,atlalilco,-6004.0,Baja (Caída atípica)
2024-12-31,18327.046380482196,14937.846048993872,22010.270412646598,2024-12-31,13401,-17.545061134711244,True,True,True,CRÍTICA (Consenso),linea 12,tezonco,-4926.0,Baja (Caída atípica)
2024-01-26,10204.50995446292,7613.024558065636,12931.177590861296,2024-01-26,32,32000000.0,True,True,True,CRÍTICA (Consenso),linea 12,olivos,-10173.0,Baja (Caída atípica)
2025-04-16,16988.29034657244,13740.806265042484,20173.98461756507,2025-04-16,13586,-11.007286491445472,True,True,True,CRÍTICA (Consenso),linea 12,mexicaltzingo,-3402.0,Baja (Caída atípica)
2026-04-02,16242.878917667202,13585.791410525375,19110.2892316243,2026-04-02,7815,-125.80415433041496,True,True,True,CRÍTICA (Consenso),linea 12,mixcoac,-8428.0,Baja (Caída atípica)
2026-06-11,13346.555678506873,11018.541890030698,15657.643306678752,2026-06-11,9045,-15.569494979773559,True,True,True,CRÍTICA (Consenso),linea 12,zapotitlán,-4302.0,Baja (Caída atípica)
2026-04-04,9635.777128812908,7680.716825390344,11691.95272092597,2026-04-04,5948,-15.019844174814361,True,True,True,CRÍTICA (Consenso),linea 12,calle 11,-3688.0,Baja (Caída atípica)
2025-04-15,17680.22279974286,14348.869215150695,21247.74831610795,2025-04-15,13904,-17.478242229409886,True,True,True,CRÍTICA (Consenso),linea 12,mexicaltzingo,-3776.0,Baja (Caída atípica)
2023-04-07,11479.071290220549,8647.980331057159,14533.299875182416,2023-04-07,3725,-34.431534172174196,True,True,True,CRÍTICA (Consenso),linea 12,mexicaltzingo,-7754.0,Baja (Caída atípica)
2025-12-26,35587.12370489936,28025.54237102301,43803.742092344306,2025-12-26,27888,-6.62346188602597,True,True,True,CRÍTICA (Consenso),linea 12,periférico oriente,-7699.0,Baja (Caída atípica)
2023-04-07,5438.461866271206,3621.566983812312,7179.154954629947,2023-04-07,2008,-10.619182488549352,True,True,True,CRÍTICA (Consenso),linea 12,ermita,-3430.0,Baja (Caída atípica)
2024-03-29,32031.582883280204,26342.414741761808,38228.1581550329,2024-03-29,12545,-22.67831834058352,True,True,True,CRÍTICA (Consenso),linea 12,insurgentes sur,-19487.0,Baja (Caída atípica)
2024-01-30,16010.717900536229,12290.239618336307,19705.944506875076,2024-01-30,5813,5813000000.0,True,True,True,CRÍTICA (Consenso),linea 12,nopalera,-10198.0,Baja (Caída atípica)
2025-12-24,56864.114824211465,46581.87021511788,68104.4449524704,2025-12-24,38588,-5.104570541384908,True,True,True,CRÍTICA (Consenso),linea 12,tláhuac,-18276.0,Baja (Caída atípica)
2026-04-02,10918.816995970967,9102.061850388978,12777.315667567493,2026-04-02,5691,-6479000000.0,True,True,True,CRÍTICA (Consenso),linea 12,parque de los venados,-5228.0,Baja (Caída atípica)
2026-05-20,18326.86873674517,14742.31301619624,22130.319975249604,2026-05-20,24955,59.95909088089207,True,True,True,CRÍTICA (Consenso),linea 2,villa de cortés,6628.0,Alza (Pico atípico)
2025-11-07,35146.761552701755,29682.218181561282,40840.26877536364,2025-11-07,41211,23.130442193562455,True,True,True,CRÍTICA (Consenso),linea 2,tacuba,6064.0,Alza (Pico atípico)
2025-11-07,18052.427953976083,14431.459372135287,21843.553519219247,2025-11-07,23377,18.325786594832184,True,True,True,CRÍTICA (Consenso),linea 2,villa de cortés,5325.0,Alza (Pico atípico)
2024-09-11,29924.92866455431,17540.154180967955,43161.00492733764,2024-09-11,45208,16.836092099282165,True,True,True,CRÍTICA (Consenso),linea 2,allende,15283.0,Alza (Pico atípico)
2022-04-27,10562.947473574137,8625.067091053575,12309.027655260357,2022-04-27,12852,4.886534537175445,True,True,True,CRÍTICA (Consenso),linea 2,panteones,2289.0,Alza (Pico atípico)
2025-01-04,24501.069814747334,17556.528375948023,30808.96826933332,2025-01-04,35585,9.206689004826577,True,True,True,CRÍTICA (Consenso),linea 2,revolución,11084.0,Alza (Pico atípico)
2025-04-20,24217.56253836495,15713.12973412356,33423.52293996363,2025-04-20,33800,14.405073511970807,True,True,True,CRÍTICA (Consenso),linea 2,bellas artes,9582.0,Alza (Pico atípico)
2024-11-19,29035.628518839672,17224.178939850146,40318.99221716127,2024-11-19,43857,5.499268023589748,True,True,True,CRÍTICA (Consenso),linea 2,allende,14821.0,Alza (Pico atípico)
2025-11-14,35362.67877030402,29900.733862074583,40775.98784696711,2025-11-14,41641,8.884349616440899,True,True,True,CRÍTICA (Consenso),linea 2,tacuba,6278.0,Alza (Pico atípico)
2025-11-19,34988.27170247683,29646.879874256345,41078.266470036295,2025-11-19,41673,8.258039742281353,True,True,True,CRÍTICA (Consenso),linea 2,tacuba,6685.0,Alza (Pico atípico)
2023-06-24,28181.16585487046,18999.411278955406,36462.33378685172,2023-06-24,46129,4.864413888883783,True,True,True,CRÍTICA (Consenso),linea 2,bellas artes,17948.0,Alza (Pico atípico)
2023-05-20,54548.81103225415,41139.305187965045,67259.85806834164,2023-05-20,69314,11.5701107089259,True,True,True,CRÍTICA (Consenso),linea 2,tasqueña,14765.0,Alza (Pico atípico)
2025-11-13,18097.725696122307,14195.327731743278,21633.67339662454,2025-11-13,22950,4.387255799202817,True,True,True,CRÍTICA (Consenso),linea 2,villa de cortés,4852.0,Alza (Pico atípico)
2025-01-10,26320.75570538659,14992.145530052425,38280.41627060507,2025-01-10,44012,12.415501752738994,True,True,True,CRÍTICA (Consenso),linea 2,allende,17691.0,Alza (Pico atípico)
2026-06-03,19406.801691882887,15064.641213835444,23932.252292061385,2026-06-03,32327,20.690148139082666,True,True,True,CRÍTICA (Consenso),linea 2,xola,12920.0,Alza (Pico atípico)
2026-06-01,18275.837619459937,13838.590529880332,22722.51682194167,2026-06-01,31570,9.477839831632265,True,True,True,CRÍTICA (Consenso),linea 2,xola,13294.0,Alza (Pico atípico)
2023-06-03,14640.256179537171,11093.856165463436,18253.366565345234,2023-06-03,18642,5376000000.0,True,True,True,CRÍTICA (Consenso),linea 2,nativitas,4002.0,Alza (Pico atípico)
2025-07-26,33803.06029775657,21956.65565570449,45702.241484233746,2025-07-26,55148,8.588896735621384,True,True,True,CRÍTICA (Consenso),linea 2,allende,21345.0,Alza (Pico atípico)
2026-03-17,18387.470919494706,14566.889698344557,22474.105651603906,2026-03-17,0,-41.529359523925706,True,True,True,CRÍTICA (Consenso),linea 2,san antonio abad,-18387.0,Baja (Caída atípica)
2026-04-02,28639.066751902617,19219.45098604323,37637.91126201073,2026-04-02,13566,-20.272657088090476,True,True,True,CRÍTICA (Consenso),linea 2,normal,-15073.0,Baja (Caída atípica)
2024-12-24,17361.800274235968,12901.03624373027,21570.500669999205,2024-12-24,11000,-35.729780642006624,True,True,True,CRÍTICA (Consenso),linea 2,xola,-6362.0,Baja (Caída atípica)
2022-04-21,13503.004702725279,10403.727656076444,16785.10445604018,2022-04-21,10167,-5.244509775649907,True,True,True,CRÍTICA (Consenso),linea 2,cuitláhuac,-3336.0,Baja (Caída atípica)
2024-02-24,12159.521096953382,9208.883950481222,15206.459377531428,2024-02-24,4395,-4.53417901199426,True,True,True,CRÍTICA (Consenso),linea 2,cuitláhuac,-7765.0,Baja (Caída atípica)
2022-04-16,12023.050726595044,8475.36437335813,15518.892719126865,2022-04-16,7410,-3.8434958526635548,True,True,True,CRÍTICA (Consenso),linea 2,ermita,-4613.0,Baja (Caída atípica)
2023-05-01,10347.475245269818,6997.23765243197,14208.485434813345,2023-05-01,6729,-14.243861244722783,True,True,True,CRÍTICA (Consenso),linea 2,nativitas,-3618.0,Baja (Caída atípica)
2023-06-03,50967.397459062784,27928.148168027546,71740.42372915483,2023-06-03,26630,-29.064093822336194,True,True,True,CRÍTICA (Consenso),linea 2,zócalo/tenochtitlan,-24337.0,Baja (Caída atípica)
2024-06-16,6880.6538929380795,3719.6432265902436,9976.03031428759,2024-06-16,3353,-24.002000243458262,True,True,True,CRÍTICA (Consenso),linea 2,cuitláhuac,-3528.0,Baja (Caída atípica)
2025-12-05,36976.933499902996,26480.150498540857,47239.23157010701,2025-12-05,1147,-5.546595826764718,True,True,True,CRÍTICA (Consenso),linea 2,pino suárez,-35830.0,Baja (Caída atípica)
2026-06-11,17377.34107497634,13252.659690409035,21280.365484818485,2026-06-11,7581,7581000000.0,True,True,True,CRÍTICA (Consenso),linea 2,san antonio abad,-9796.0,Baja (Caída atípica)
2025-04-18,27314.69157745106,17086.25941612476,38109.98287371053,2025-04-18,12638,-3670.1282274094547,True,True,True,CRÍTICA (Consenso),linea 2,pino suárez,-14677.0,Baja (Caída atípica)
2024-10-10,48155.41891239559,28150.191986954425,67587.39196169791,2024-10-10,0,-3.5002270466123604,True,True,True,CRÍTICA (Consenso),linea 2,zócalo/tenochtitlan,-48155.0,Baja (Caída atípica)
2026-04-04,12886.992645034956,9133.461711935553,16633.18515685806,2026-04-04,6499,-21.992145847414655,True,True,True,CRÍTICA (Consenso),linea 2,villa de cortés,-6388.0,Baja (Caída atípica)
2024-03-29,18270.36881913097,14797.957974073306,21948.385115152196,2024-03-29,6651,-5.203153903029263,True,True,True,CRÍTICA (Consenso),linea 2,nativitas,-11619.0,Baja (Caída atípica)
2026-03-19,18519.137286641628,14533.922331588428,22332.291492564127,2026-03-19,0,-33.0135881941994,True,True,True,CRÍTICA (Consenso),linea 2,san antonio abad,-18519.0,Baja (Caída atípica)
2026-04-02,17125.956367732255,13133.32759153559,21020.6686314255,2026-04-02,0,-5.293849856947616,True,True,True,CRÍTICA (Consenso),linea 2,san antonio abad,-17126.0,Baja (Caída atípica)
2023-04-08,51839.166478816274,38119.50070672001,65543.01660801456,2023-04-08,36966,-3.592978391399073,True,True,True,CRÍTICA (Consenso),linea 2,tasqueña,-14873.0,Baja (Caída atípica)
2023-10-06,32665.857478646096,22539.950622585293,42650.066582804044,2023-10-06,19157,-13.026973050876558,True,True,True,CRÍTICA (Consenso),linea 2,pino suárez,-13509.0,Baja (Caída atípica)
2024-10-02,33277.266556868046,27630.19690797781,39152.70393852853,2024-10-02,14606,-6.446869379048103,True,True,True,CRÍTICA (Consenso),linea 2,tacuba,-18671.0,Baja (Caída atípica)
2025-11-25,30127.461744971166,23783.93044532984,36204.34476867633,2025-11-25,11677,-11.504349923930103,True,True,True,CRÍTICA (Consenso),linea 2,revolución,-18450.0,Baja (Caída atípica)
2025-04-19,9153.178529144143,7183.517120684146,10988.047332515756,2025-04-19,5722,-25.20142729601814,True,True,True,CRÍTICA (Consenso),linea 2,panteones,-3431.0,Baja (Caída atípica)
2022-11-19,47887.43345566941,27394.720845687676,67678.33280595386,2022-11-19,7158,-6.179754394247452,True,True,True,CRÍTICA (Consenso),linea 2,zócalo/tenochtitlan,-40729.0,Baja (Caída atípica)
2025-04-18,18821.255442771377,14764.69589999242,22902.368887699202,2025-04-18,7375,-29.330396469360657,True,True,True,CRÍTICA (Consenso),linea 2,san antonio abad,-11446.0,Baja (Caída atípica)
2026-06-03,24924.252939456142,19542.849120377523,30996.71733029852,2026-06-03,0,-21.907642351459078,True,True,True,CRÍTICA (Consenso),linea 2,chabacano,-24924.0,Baja (Caída atípica)
2025-01-01,14951.090515325068,6903.299123856119,23831.559594297756,2025-01-01,5727,-12.518408215633174,True,True,True,CRÍTICA (Consenso),linea 2,normal,-9224.0,Baja (Caída atípica)
2023-04-08,13768.220765080614,9063.448654996711,18958.30196847467,2023-04-08,7930,-5.376351974417673,True,True,True,CRÍTICA (Consenso),linea 2,general anaya,-5838.0,Baja (Caída atípica)
2024-03-28,30801.227858335238,25331.684625137543,36789.88755926153,2024-03-28,22194,-12.42084951863756,True,True,True,CRÍTICA (Consenso),linea 2,tacuba,-8607.0,Baja (Caída atípica)
2022-06-11,8747.53102596747,6815.362039913125,10723.349887525443,2022-06-11,5181,-19.842922906485214,True,True,True,CRÍTICA (Consenso),linea 2,panteones,-3567.0,Baja (Caída atípica)
2026-06-13,23256.22863289701,17515.846323823796,28852.317274793768,2026-06-13,0,-6.488956767781547,True,True,True,CRÍTICA (Consenso),linea 2,chabacano,-23256.0,Baja (Caída atípica)
2024-06-10,37017.526481042914,16430.06779699405,56736.33229632301,2024-06-10,0,-16.56707414631207,True,True,True,CRÍTICA (Consenso),linea 2,zócalo/tenochtitlan,-37018.0,Baja (Caída atípica)
2022-04-15,55782.15228509569,42230.35727220492,71340.73645243338,2022-04-15,22867,-17.532196201452322,True,True,True,CRÍTICA (Consenso),linea 2,cuatro caminos,-32915.0,Baja (Caída atípica)
2025-04-20,17834.00107431692,10544.094240401048,25092.45732406256,2025-04-20,3589,-19.286503682951682,True,True,True,CRÍTICA (Consenso),linea 2,hidalgo,-14245.0,Baja (Caída atípica)
2023-05-10,13919.865628564738,10631.635706112402,17013.04350879666,2023-05-10,9705,-4.721435309321707,True,True,True,CRÍTICA (Consenso),linea 2,viaducto,-4215.0,Baja (Caída atípica)
2023-12-23,12576.345624808775,7911.389989377242,17547.958457490007,2023-12-23,1784,-18.004078712783976,True,True,True,CRÍTICA (Consenso),linea 2,general anaya,-10792.0,Baja (Caída atípica)
2023-12-05,20182.822023719586,16228.450888322435,24158.231216599273,2023-12-05,15048,-3.998870698519769,True,True,True,CRÍTICA (Consenso),linea 2,san antonio abad,-5135.0,Baja (Caída atípica)
2026-04-03,8651.68679284887,6020.505422903427,11222.965487888,2026-04-03,2407,-13.635224861842877,True,True,True,CRÍTICA (Consenso),linea 2,popotla,-6245.0,Baja (Caída atípica)
2024-12-24,15982.109122840113,11874.55342526568,20134.190609781,2024-12-24,10914,-14.361562657707454,True,True,True,CRÍTICA (Consenso),linea 2,san antonio abad,-5068.0,Baja (Caída atípica)
2024-03-28,11663.394778961547,9728.343713445558,13545.300913460966,2024-03-28,7556,-13.959596654631872,True,True,True,CRÍTICA (Consenso),linea 2,panteones,-4107.0,Baja (Caída atípica)
2022-12-14,22823.563497921943,17906.524611016634,27568.986843451803,2022-12-14,28424,5.495324706248163,True,True,True,CRÍTICA (Consenso),linea 3,etiopía/plaza de la transparencia,5600.0,Alza (Pico atípico)
2022-12-25,-13463.671785777544,-29981.645534352494,1674.5482784571773,2022-12-25,12743,-7.312899808465069,True,True,True,CRÍTICA (Consenso),linea 3,universidad,26207.0,Alza (Pico atípico)
2025-11-13,29507.28118045832,24097.706950334516,34523.94082968822,2025-11-13,36906,3.611505868940795,True,True,True,CRÍTICA (Consenso),linea 3,coyoacán,7399.0,Alza (Pico atípico)
2025-11-12,20024.192221000587,16759.867883243012,23074.05863057283,2025-11-12,25075,10.198125635586122,True,True,True,CRÍTICA (Consenso),linea 3,viveros/derechos humanos,5051.0,Alza (Pico atípico)
2023-04-14,22050.619206833595,14373.163122189158,30121.366196474086,2023-04-14,30655,3.53374506249915,True,True,True,CRÍTICA (Consenso),linea 3,balderas,8604.0,Alza (Pico atípico)
2022-07-26,23635.38616443564,15659.427922649917,31281.856575361624,2022-07-26,32074,18.34510176260056,True,True,True,CRÍTICA (Consenso),linea 3,balderas,8439.0,Alza (Pico atípico)
2022-11-05,23258.89993250895,16277.8695475533,30181.354567368213,2022-11-05,30579,52.032143586251635,True,True,True,CRÍTICA (Consenso),linea 3,miguel ángel de quevedo,7320.0,Alza (Pico atípico)
2025-11-14,33436.092813447736,28386.500684613984,38972.62642793872,2025-11-14,39683,4.813013160602371,True,True,True,CRÍTICA (Consenso),linea 3,la raza,6247.0,Alza (Pico atípico)
2026-04-30,16612.23110856741,12543.135950178808,20718.510238482355,2026-04-30,26261,21.77900456886147,True,True,True,CRÍTICA (Consenso),linea 3,hidalgo,9649.0,Alza (Pico atípico)
2022-08-26,24142.255595462153,19066.198211453182,29064.45814700667,2022-08-26,29413,3.5704734419938937,True,True,True,CRÍTICA (Consenso),linea 3,etiopía/plaza de la transparencia,5271.0,Alza (Pico atípico)
2023-05-06,22349.26817945517,16679.588776917466,28053.71621650907,2023-05-06,28131,9.69275159220636,True,True,True,CRÍTICA (Consenso),linea 3,deportivo 18 de marzo,5782.0,Alza (Pico atípico)
2022-05-21,9059.192152831984,5944.117380414052,12063.884668263374,2022-05-21,14743,4.72143531251316,True,True,True,CRÍTICA (Consenso),linea 3,división del norte,5684.0,Alza (Pico atípico)
2025-11-12,29561.04832076235,24183.700846513188,34530.51274157382,2025-11-12,35312,11.251033132543734,True,True,True,CRÍTICA (Consenso),linea 3,coyoacán,5751.0,Alza (Pico atípico)
2022-11-02,14230.83464156985,11428.469641825559,16877.237810404018,2022-11-02,9889,-10.83622651163962,True,True,True,CRÍTICA (Consenso),linea 3,eugenia,-4342.0,Baja (Caída atípica)
2023-12-30,10176.829463894992,6291.076143601966,14018.807960777856,2023-12-30,4386,-3.7449135524313575,True,True,True,CRÍTICA (Consenso),linea 3,tlatelolco,-5791.0,Baja (Caída atípica)
2024-11-25,14313.373057440136,9512.646038259834,18504.447911161387,2024-11-25,5116,-6.081413962778804,True,True,True,CRÍTICA (Consenso),linea 3,hidalgo,-9197.0,Baja (Caída atípica)
2026-04-02,15181.623517576214,11583.361491365156,19118.70681489729,2026-04-02,8852,-23.724354993276943,True,True,True,CRÍTICA (Consenso),linea 3,tlatelolco,-6330.0,Baja (Caída atípica)
2024-03-28,18964.055070769595,14926.587993350171,22996.921468854078,2024-03-28,8284,-11.850874008114165,True,True,True,CRÍTICA (Consenso),linea 3,hospital general,-10680.0,Baja (Caída atípica)
2022-02-09,52187.54532864687,35381.98245656459,68846.43846617978,2022-02-09,34542,4.6450778127527395,True,True,True,CRÍTICA (Consenso),linea 3,universidad,-17646.0,Baja (Caída atípica)
2023-08-07,21346.934868016448,14092.373888428128,29326.7041518969,2023-08-07,12050,-3.8710872272589487,True,True,True,CRÍTICA (Consenso),linea 3,balderas,-9297.0,Baja (Caída atípica)
2024-05-10,28373.395841935788,22979.37156839757,33242.88612321021,2024-05-10,20554,-32.863095850770776,True,True,True,CRÍTICA (Consenso),linea 3,coyoacán,-7819.0,Baja (Caída atípica)
2026-04-04,8477.722674320139,5611.93900195469,11134.737914919016,2026-04-04,5102,-13.271696242678098,True,True,True,CRÍTICA (Consenso),linea 3,eugenia,-3376.0,Baja (Caída atípica)
2025-10-02,60297.55997458857,44267.641022685486,76792.22718208135,2025-10-02,30036,-14.915698262981,True,True,True,CRÍTICA (Consenso),linea 3,universidad,-30262.0,Baja (Caída atípica)
2023-05-01,7362.262075270488,4157.63544721453,10494.550715638574,2023-05-01,4154,-4.697555222128933,True,True,True,CRÍTICA (Consenso),linea 3,división del norte,-3208.0,Baja (Caída atípica)
2025-09-15,15483.718141337553,11428.072030366937,19091.780427111702,2025-09-15,10312,-5.491429185643221,True,True,True,CRÍTICA (Consenso),linea 3,tlatelolco,-5172.0,Baja (Caída atípica)
2023-12-14,20440.962404388018,15247.794874451882,25685.986400577207,2023-12-14,11782,-8.0692793083833,True,True,True,CRÍTICA (Consenso),linea 3,zapata,-8659.0,Baja (Caída atípica)
2022-04-15,11021.960238972286,6528.782661668446,15063.136438110172,2022-04-15,4137,-5.894337216231021,True,True,True,CRÍTICA (Consenso),linea 3,hidalgo,-6885.0,Baja (Caída atípica)
2024-02-27,27599.56747734273,22055.103363276583,32955.78386235764,2024-02-27,16391,-6.484024783386274,True,True,True,CRÍTICA (Consenso),linea 3,coyoacán,-11209.0,Baja (Caída atípica)
2025-04-19,6874.313058941387,5555.020309342704,8170.361582327165,2025-04-19,5183,-14.494806323385902,True,True,True,CRÍTICA (Consenso),linea 3,guerrero,-1691.0,Baja (Caída atípica)
2025-04-19,24240.488512577853,12533.95796730084,36714.89439970819,2025-04-19,11514,-12530000000.0,True,True,True,CRÍTICA (Consenso),linea 3,copilco,-12726.0,Baja (Caída atípica)
2023-11-02,15696.861732693607,12515.386414077653,18707.942638492048,2023-11-02,10654,-4.774559759810558,True,True,True,CRÍTICA (Consenso),linea 3,división del norte,-5043.0,Baja (Caída atípica)
2024-12-31,15262.441113438206,9807.27954801499,20990.74583909064,2024-12-31,7614,-20.81038703316174,True,True,True,CRÍTICA (Consenso),linea 3,niños héroes,-7648.0,Baja (Caída atípica)
2026-04-03,18370.756136704786,12678.941522708546,23932.39119971025,2026-04-03,4695,-43.496930697627,True,True,True,CRÍTICA (Consenso),linea 3,niños héroes,-13676.0,Baja (Caída atípica)
2023-11-03,9346.77981767624,8011.604490098628,10659.253443425378,2023-11-03,7775,-4.811174416330509,True,True,True,CRÍTICA (Consenso),linea 3,guerrero,-1572.0,Baja (Caída atípica)
2023-05-10,16599.625560800716,12697.993263669086,20345.315253350982,2023-05-10,12269,-3.5017026581940156,True,True,True,CRÍTICA (Consenso),linea 3,tlatelolco,-4331.0,Baja (Caída atípica)
2023-04-06,14060.085010978466,11002.321808477402,17287.855947600332,2023-04-06,9533,-11.788682395737736,True,True,True,CRÍTICA (Consenso),linea 3,división del norte,-4527.0,Baja (Caída atípica)
2023-01-09,23919.338369183737,18433.098798081366,29675.45617859116,2023-01-09,2563,-5.782856568280607,True,True,True,CRÍTICA (Consenso),linea 3,la raza,-21356.0,Baja (Caída atípica)
2024-03-28,19047.214511220376,13255.386158097768,24412.495695331374,2024-03-28,11004,-12.646701723125993,True,True,True,CRÍTICA (Consenso),linea 3,zapata,-8043.0,Baja (Caída atípica)
2024-03-30,14197.754370774466,10816.097051964489,17503.51973734793,2024-03-30,9044,-14.851241150479037,True,True,True,CRÍTICA (Consenso),linea 3,viveros/derechos humanos,-5154.0,Baja (Caída atípica)
2024-12-31,13165.866759551624,9271.660095994008,17289.00639480963,2024-12-31,8622,-9.97892174526187,True,True,True,CRÍTICA (Consenso),linea 3,hidalgo,-4544.0,Baja (Caída atípica)
2023-01-10,88920.77584312255,74950.33332295963,103652.6299375367,2023-01-10,46843,-35.090277002678775,True,True,True,CRÍTICA (Consenso),linea 3,indios verdes,-42078.0,Baja (Caída atípica)
2025-11-06,6940.039151198359,5819.789953824708,8067.531703420809,2025-11-06,8109,4.910036982200358,True,True,True,CRÍTICA (Consenso),linea 4,morelos,1169.0,Alza (Pico atípico)
2023-03-03,13558.32234128651,10591.770802272273,16623.288998991815,2023-03-03,16647,8.977325363753371,True,True,True,CRÍTICA (Consenso),linea 4,candelaria,3089.0,Alza (Pico atípico)
2025-10-18,12145.542903225189,9618.40348526865,14638.856474491391,2025-10-18,14869,6.314742852695233,True,True,True,CRÍTICA (Consenso),linea 4,fray servando,2723.0,Alza (Pico atípico)
2024-10-31,7644.0650913549225,6327.434200367926,8964.522840924534,2024-10-31,10234,6.938573242932487,True,True,True,CRÍTICA (Consenso),linea 4,jamaica,2590.0,Alza (Pico atípico)
2024-05-09,6837.9071994328715,5526.6379613890995,8208.309002697037,2024-05-09,9437,19.42381801614975,True,True,True,CRÍTICA (Consenso),linea 4,jamaica,2599.0,Alza (Pico atípico)
2022-07-31,3094.60830782125,1651.9612138712525,4440.523810455151,2022-07-31,4951,7.963724183193322,True,True,True,CRÍTICA (Consenso),linea 4,jamaica,1856.0,Alza (Pico atípico)
2024-08-14,2302.206003073069,1743.7278394157215,2860.533306097098,2024-08-14,2970,8.117978004230197,True,True,True,CRÍTICA (Consenso),linea 4,santa anita,668.0,Alza (Pico atípico)
2024-01-10,3096.6345779005505,2407.8478456326684,3868.2346391891506,2024-01-10,1914,-5.143424389089769,True,True,True,CRÍTICA (Consenso),linea 4,consulado,-1183.0,Baja (Caída atípica)
2023-04-07,8732.200424723329,6475.552991779185,11168.662218521471,2023-04-07,2437,-3.838877041504454,True,True,True,CRÍTICA (Consenso),linea 4,fray servando,-6295.0,Baja (Caída atípica)
2026-02-03,1830.2617007150654,1300.3774069740584,2345.9137031710716,2026-02-03,832,-30.703991498366815,True,True,True,CRÍTICA (Consenso),linea 4,santa anita,-998.0,Baja (Caída atípica)
2024-03-30,2672.588274890791,2018.598907328817,3357.470536714649,2024-03-30,1896,-10.936385754076024,True,True,True,CRÍTICA (Consenso),linea 4,consulado,-777.0,Baja (Caída atípica)
2025-05-10,6861.3533723081555,5319.194603413744,8454.109877252926,2025-05-10,5243,-3.624403643550783,True,True,True,CRÍTICA (Consenso),linea 4,canal del norte,-1618.0,Baja (Caída atípica)
2024-12-31,3106.057813998976,2380.907655072902,3847.152609492091,2024-12-31,2143,-7.502327504504009,True,True,True,CRÍTICA (Consenso),linea 4,consulado,-963.0,Baja (Caída atípica)
2022-06-27,6194.35820327813,4677.354944781985,7782.487865412145,2022-06-27,4665,-4.504634704224638,True,True,True,CRÍTICA (Consenso),linea 4,canal del norte,-1529.0,Baja (Caída atípica)
2022-11-02,4061.5537048373862,3365.199893063929,4740.646986770321,2022-11-02,2455,-5.7960476907035074,True,True,True,CRÍTICA (Consenso),linea 4,talismán,-1607.0,Baja (Caída atípica)
2022-12-31,7003.582218119158,5916.4232918707985,8107.155709254166,2022-12-31,5402,-16.774530259549913,True,True,True,CRÍTICA (Consenso),linea 4,morelos,-1602.0,Baja (Caída atípica)
2024-12-12,8678.078761740153,7020.366126979706,10245.25926923657,2024-12-12,6373,-20.984156699390002,True,True,True,CRÍTICA (Consenso),linea 4,canal del norte,-2305.0,Baja (Caída atípica)
2025-12-24,3223.2515404896794,2530.4727333408437,3984.743608817499,2025-12-24,1991,-4.549746750079208,True,True,True,CRÍTICA (Consenso),linea 4,talismán,-1232.0,Baja (Caída atípica)
2023-04-07,6471.0970850508365,4898.6698051574585,8046.82105451965,2023-04-07,2709,-23.243242605867184,True,True,True,CRÍTICA (Consenso),linea 4,canal del norte,-3762.0,Baja (Caída atípica)
2025-11-20,8197.1357631016,6823.124867533447,9536.905176408722,2025-11-20,9724,5.535364051408636,True,True,True,CRÍTICA (Consenso),linea 5,misterios,1527.0,Alza (Pico atípico)
2023-09-05,34698.109950810096,26249.689873180978,43214.38565446753,2023-09-05,46271,11.24515765277357,True,True,True,CRÍTICA (Consenso),linea 5,politécnico,11573.0,Alza (Pico atípico)
2025-04-10,7181.4812870293335,5779.788147922832,8706.972085966916,2025-04-10,8839,5.2273033565622145,True,True,True,CRÍTICA (Consenso),linea 5,misterios,1658.0,Alza (Pico atípico)
2022-05-04,60154.14817480507,50657.30962771028,70762.63553285754,2022-05-04,70787,3.8883560164436948,True,True,True,CRÍTICA (Consenso),linea 5,pantitlán,10633.0,Alza (Pico atípico)
2023-12-11,8010.740986243564,6686.797998846607,9443.535435071726,2023-12-11,10485,13.17724622873437,True,True,True,CRÍTICA (Consenso),linea 5,misterios,2474.0,Alza (Pico atípico)
2022-07-16,5396.953399158917,3983.405829940406,6766.952845606547,2022-07-16,7011,5.599938689622924,True,True,True,CRÍTICA (Consenso),linea 5,misterios,1614.0,Alza (Pico atípico)
2024-03-30,5669.957502409443,4257.093160287471,7223.303566419747,2024-03-30,3378,-2251000000.0,True,True,True,CRÍTICA (Consenso),linea 5,misterios,-2292.0,Baja (Caída atípica)
2023-10-12,6982.320487118897,5687.3750714799635,8317.527683307462,2023-10-12,4321,-3.747648227223982,True,True,True,CRÍTICA (Consenso),linea 5,aragón,-2661.0,Baja (Caída atípica)
2024-02-19,10163.650605151002,8053.93998222514,12308.08258068164,2024-02-19,5287,-4666000000.0,True,True,True,CRÍTICA (Consenso),linea 5,la raza,-4877.0,Baja (Caída atípica)
2022-11-02,6835.122545586968,5607.962198448729,8157.8411569916325,2022-11-02,3775,-51.11466854476173,True,True,True,CRÍTICA (Consenso),linea 5,eduardo molina,-3060.0,Baja (Caída atípica)
2024-12-24,5939.294214733228,4715.126354760618,7188.232983724635,2024-12-24,4523,-27.462711348373468,True,True,True,CRÍTICA (Consenso),linea 5,eduardo molina,-1416.0,Baja (Caída atípica)
2024-04-02,4161.6295140723405,3417.38831809137,4922.6996283982,2024-04-02,3365,-9.799497854813168,True,True,True,CRÍTICA (Consenso),linea 5,valle gómez,-797.0,Baja (Caída atípica)
2025-04-19,6050.295733591828,4109.768496428601,7937.627609537508,2025-04-19,3565,-61.027922270931555,True,True,True,CRÍTICA (Consenso),linea 5,oceanía,-2485.0,Baja (Caída atípica)
2024-10-02,29245.437117412177,20872.768053148,37942.95609333486,2024-10-02,8541,-4.748372132384364,True,True,True,CRÍTICA (Consenso),linea 5,politécnico,-20704.0,Baja (Caída atípica)
2024-05-10,31548.96394964255,23105.641916114957,40056.22775610385,2024-05-10,19432,-14759000000.0,True,True,True,CRÍTICA (Consenso),linea 5,politécnico,-12117.0,Baja (Caída atípica)
2026-06-11,8288.196814773426,6599.668231864346,10115.365388776647,2026-06-11,5740,-8.782792043595187,True,True,True,CRÍTICA (Consenso),linea 5,oceanía,-2548.0,Baja (Caída atípica)
2025-01-02,6561.6791130676775,5183.170282757111,7969.926958068101,2025-01-02,5159,-5.876867301515225,True,True,True,CRÍTICA (Consenso),linea 5,misterios,-1403.0,Baja (Caída atípica)
2026-04-04,5322.416382098936,3853.5136681737745,6708.961357994954,2026-04-04,3347,-19.03027484671174,True,True,True,CRÍTICA (Consenso),linea 5,misterios,-1975.0,Baja (Caída atípica)
2024-04-03,4856.041781261379,3715.538688695042,5989.107801872827,2024-04-03,3105,-4.212125938353432,True,True,True,CRÍTICA (Consenso),linea 5,hangares,-1751.0,Baja (Caída atípica)
2026-04-02,5763.227737004251,4563.6548452602765,7037.041117877964,2026-04-02,2800,-44.18467286993969,True,True,True,CRÍTICA (Consenso),linea 5,instituto del petróleo,-2963.0,Baja (Caída atípica)
2024-12-24,6099.541734689423,4792.257602791614,7513.109352690678,2024-12-24,4548,-15.246891871497088,True,True,True,CRÍTICA (Consenso),linea 5,aragón,-1552.0,Baja (Caída atípica)
2025-04-18,52543.411772683874,43063.7479920186,61765.582999630344,2025-04-18,23516,-54.29989544664525,True,True,True,CRÍTICA (Consenso),linea 5,pantitlán,-29027.0,Baja (Caída atípica)
2022-05-28,880.6161106079745,492.38547958102885,1275.912758867395,2022-05-28,1575,506000000.0,True,True,True,CRÍTICA (Consenso),linea 6,deportivo 18 de marzo,694.0,Alza (Pico atípico)
2022-12-25,-3094.6543573536865,-4444.209838954058,-1746.909010100856,2022-12-25,569,-19.94565504139646,True,True,True,CRÍTICA (Consenso),linea 6,norte 45,3664.0,Alza (Pico atípico)
2025-11-14,8200.785397932337,6940.551340540189,9559.98787868708,2025-11-14,9675,4.667744493948226,True,True,True,CRÍTICA (Consenso),linea 6,uam-azcapotzalco,1474.0,Alza (Pico atípico)
2025-12-11,27085.623302910615,21942.216474427052,32120.69161139923,2025-12-11,37766,6.671108345637976,True,True,True,CRÍTICA (Consenso),linea 6,martín carrera,10680.0,Alza (Pico atípico)
2023-01-01,-151.59034774806673,-553.1968730521899,248.57493106520198,2023-01-01,388,-4.322440741498655,True,True,True,CRÍTICA (Consenso),linea 6,deportivo 18 de marzo,540.0,Alza (Pico atípico)
2022-08-18,15533.263841729029,10827.748449055433,20534.4756300325,2022-08-18,21569,5.767675105053786,True,True,True,CRÍTICA (Consenso),linea 6,lindavista,6036.0,Alza (Pico atípico)
2024-07-28,639.5653568561461,259.44120317056945,1052.6983979063793,2024-07-28,1060,7.368811423026923,True,True,True,CRÍTICA (Consenso),linea 6,deportivo 18 de marzo,420.0,Alza (Pico atípico)
2024-10-03,1549.7992844702883,1175.063899425271,1947.6375927589295,2024-10-03,2404,7.2199010187669845,True,True,True,CRÍTICA (Consenso),linea 6,deportivo 18 de marzo,854.0,Alza (Pico atípico)
2025-12-31,16985.2021728968,10940.406958878908,23023.59098264557,2025-12-31,8807,-4.850822529845072,True,True,True,CRÍTICA (Consenso),linea 6,ferrería/arena ciudad de méxico,-8178.0,Baja (Caída atípica)
2024-11-01,27360.79382361016,22265.86360759794,32377.025558431542,2024-11-01,21984,-135.03304701126297,True,True,True,CRÍTICA (Consenso),linea 6,martín carrera,-5377.0,Baja (Caída atípica)
2024-03-28,1457.2331510797264,1067.1708651958857,1850.0972587072963,2024-03-28,761,-13.28104402688578,True,True,True,CRÍTICA (Consenso),linea 6,deportivo 18 de marzo,-696.0,Baja (Caída atípica)
2025-12-31,6959.986655937009,5284.284937601429,8445.569254291298,2025-12-31,4400,-11.506186214358895,True,True,True,CRÍTICA (Consenso),linea 6,vallejo,-2560.0,Baja (Caída atípica)
2024-11-22,18450.867769218457,14582.513029035093,22003.407525888233,2024-11-22,13809,-28.505419968689093,True,True,True,CRÍTICA (Consenso),linea 6,el rosario,-4642.0,Baja (Caída atípica)
2023-11-02,8184.166387964278,6573.86784779977,9737.294656881004,2023-11-02,5363,-12.483995586684703,True,True,True,CRÍTICA (Consenso),linea 6,vallejo,-2821.0,Baja (Caída atípica)
2024-12-31,17152.64412471451,11023.017157441805,22942.90462215721,2024-12-31,9048,-4.689496597499942,True,True,True,CRÍTICA (Consenso),linea 6,ferrería/arena ciudad de méxico,-8105.0,Baja (Caída atípica)
2024-04-02,16929.005439368324,12279.371519118768,21890.930213956482,2024-04-02,12020,-7682000000.0,True,True,True,CRÍTICA (Consenso),linea 6,lindavista,-4909.0,Baja (Caída atípica)
2024-12-31,13553.915800250343,9814.444323994769,17099.803760457115,2024-12-31,8255,-36.10878423782237,True,True,True,CRÍTICA (Consenso),linea 6,el rosario,-5299.0,Baja (Caída atípica)
2025-04-19,5592.2782520070305,4244.657736775092,7015.593503933477,2025-04-19,3615,-25.86731197839604,True,True,True,CRÍTICA (Consenso),linea 6,uam-azcapotzalco,-1977.0,Baja (Caída atípica)
2024-03-28,25982.626231913127,20559.745066093357,31044.29192905288,2024-03-28,12986,-47.127030557060024,True,True,True,CRÍTICA (Consenso),linea 6,martín carrera,-12997.0,Baja (Caída atípica)
2023-12-13,13981.161359085283,10449.68464341676,17692.968563304366,2023-12-13,8577,-743000000.0,True,True,True,CRÍTICA (Consenso),linea 6,la villa/basílica,-5404.0,Baja (Caída atípica)
2024-12-31,6919.840424176383,5264.540971200433,8455.519710385634,2024-12-31,4119,-8.308499791721415,True,True,True,CRÍTICA (Consenso),linea 6,vallejo,-2801.0,Baja (Caída atípica)
2023-04-13,15953.810183392587,10964.732282727971,20773.263997706566,2023-04-13,10649,-7.494341763938575,True,True,True,CRÍTICA (Consenso),linea 6,lindavista,-5305.0,Baja (Caída atípica)
2022-10-21,16314.681552744903,12791.863059557327,19722.028847122652,2022-10-21,20152,6.348738293136269,True,True,True,CRÍTICA (Consenso),linea 7,refinería,3837.0,Alza (Pico atípico)
2023-07-23,3220.101016290243,537.5412890017197,6176.432929995622,2023-07-23,7758,19.086748360063947,True,True,True,CRÍTICA (Consenso),linea 7,san pedro de los pinos,4538.0,Alza (Pico atípico)
2025-11-10,8291.561129294787,6896.689679187584,9758.1458610531,2025-11-10,9872,15.627431895864522,True,True,True,CRÍTICA (Consenso),linea 7,tacuba,1580.0,Alza (Pico atípico)
2026-02-11,12490.253944349392,9887.893486068186,14752.601235072174,2026-02-11,14845,5.631997824362614,True,True,True,CRÍTICA (Consenso),linea 7,san antonio,2355.0,Alza (Pico atípico)
2022-10-15,19824.37748670928,12057.484531064843,27852.559799848837,2022-10-15,28669,10.365096585331587,True,True,True,CRÍTICA (Consenso),linea 7,auditorio,8845.0,Alza (Pico atípico)
2023-01-01,-742.8722967735739,-5161.567711718649,3429.91798562688,2023-01-01,5881,-3.8760431790480965,True,True,True,CRÍTICA (Consenso),linea 7,mixcoac,6624.0,Alza (Pico atípico)
2022-08-28,2373.0262914595323,1037.6768025752822,3749.264608558108,2022-08-28,3755,605000000.0,True,True,True,CRÍTICA (Consenso),linea 7,tacubaya,1382.0,Alza (Pico atípico)
2022-09-11,3020.473380477687,716.6871964465386,5343.797994230555,2022-09-11,6659,2943000000.0,True,True,True,CRÍTICA (Consenso),linea 7,san antonio,3639.0,Alza (Pico atípico)
2024-03-30,8560.82996168755,5718.853008545444,11310.772096347479,2024-03-30,5661,-7.21834820840911,True,True,True,CRÍTICA (Consenso),linea 7,aquiles serdán,-2900.0,Baja (Caída atípica)
2025-09-16,21951.482356138862,13302.343227630769,29794.07409278652,2025-09-16,10903,-44.00942940411228,True,True,True,CRÍTICA (Consenso),linea 7,polanco,-11048.0,Baja (Caída atípica)
2025-05-20,37940.04827614001,29180.546435704353,47000.230203253326,2025-05-20,13576,-76.20657673037728,True,True,True,CRÍTICA (Consenso),linea 7,barranca del muerto,-24364.0,Baja (Caída atípica)
2023-11-02,38554.58215484484,29700.48321546265,47998.432490806495,2023-11-02,18811,-24251000000.0,True,True,True,CRÍTICA (Consenso),linea 7,barranca del muerto,-19744.0,Baja (Caída atípica)
2025-12-24,17343.668766000486,13078.172761616288,21751.255840227466,2025-12-24,11778,-5.949554325389967,True,True,True,CRÍTICA (Consenso),linea 7,mixcoac,-5566.0,Baja (Caída atípica)
2026-05-18,25743.347253094293,18125.944686510327,33746.02792871675,2026-05-18,14262,14262000000.0,True,True,True,CRÍTICA (Consenso),linea 7,auditorio,-11481.0,Baja (Caída atípica)
2024-05-10,12224.928311448268,9530.397815597024,15015.9467885586,2024-05-10,9494,-65.01735810813581,True,True,True,CRÍTICA (Consenso),linea 7,san pedro de los pinos,-2731.0,Baja (Caída atípica)
2024-12-31,30647.189145778702,22570.180514748165,38075.504027667186,2024-12-31,17656,-20.47959031583353,True,True,True,CRÍTICA (Consenso),linea 7,auditorio,-12991.0,Baja (Caída atípica)
2025-04-19,17359.51038507173,10759.705807646862,23728.192018821075,2025-04-19,9086,-74.80423628584452,True,True,True,CRÍTICA (Consenso),linea 7,san joaquín,-8274.0,Baja (Caída atípica)
2026-06-11,13863.235124933532,9637.416080925068,18637.374677684562,2026-06-11,7740,-12.432647008524015,True,True,True,CRÍTICA (Consenso),linea 7,constituyentes,-6123.0,Baja (Caída atípica)
2024-11-18,5053.86057323044,3712.2168719051338,6409.025319110355,2024-11-18,3592,-15.350479282200055,True,True,True,CRÍTICA (Consenso),linea 7,tacubaya,-1462.0,Baja (Caída atípica)
2025-04-17,30340.101952543882,23568.87745625366,37625.89148517368,2025-04-17,17166,-26.889811212256802,True,True,True,CRÍTICA (Consenso),linea 7,el rosario,-13174.0,Baja (Caída atípica)
2025-12-24,10755.116646476448,7854.817127284213,13654.065644613784,2025-12-24,6208,-7.908948091202081,True,True,True,CRÍTICA (Consenso),linea 7,san pedro de los pinos,-4547.0,Baja (Caída atípica)
2024-12-31,12017.23295218211,9176.748466079902,14657.287251700876,2024-12-31,6337,-14.849502879220113,True,True,True,CRÍTICA (Consenso),linea 7,aquiles serdán,-5680.0,Baja (Caída atípica)
2022-03-20,3759.9750586478717,2405.9788722683143,5217.484024791661,2022-03-20,2391,-4.1955987609879895,True,True,True,CRÍTICA (Consenso),linea 7,tacuba,-1369.0,Baja (Caída atípica)
2026-04-02,6227.8780568207485,4843.317767624167,7518.943214562289,2026-04-02,4089,-61.75337465829862,True,True,True,CRÍTICA (Consenso),linea 7,tacubaya,-2139.0,Baja (Caída atípica)
2022-10-12,13275.428946144699,10542.696378371405,15790.50537014189,2022-10-12,16464,4.762313536695735,True,True,True,CRÍTICA (Consenso),linea 8,doctores,3189.0,Alza (Pico atípico)
2022-11-27,18837.648774762893,12595.890553052239,24725.42234249362,2022-11-27,31093,7.674788055098917,True,True,True,CRÍTICA (Consenso),linea 8,san juan de letrán,12255.0,Alza (Pico atípico)
2022-02-26,9735.995058925015,7423.074882117482,11937.120567997523,2022-02-26,13670,16.26940442779811,True,True,True,CRÍTICA (Consenso),linea 8,apatlaco,3934.0,Alza (Pico atípico)
2026-06-27,25893.10037793654,20160.13430497177,31887.385000287384,2026-06-27,41741,23.831487559257074,True,True,True,CRÍTICA (Consenso),linea 8,san juan de letrán,15848.0,Alza (Pico atípico)
2022-06-19,5145.406145339566,3266.4909524883533,6964.98746371094,2022-06-19,7792,90.91171441523026,True,True,True,CRÍTICA (Consenso),linea 8,cerro de la estrella,2647.0,Alza (Pico atípico)
2022-07-10,4647.449716737464,2768.1420104234794,6554.263530309433,2022-07-10,9083,6.675069302225398,True,True,True,CRÍTICA (Consenso),linea 8,cerro de la estrella,4436.0,Alza (Pico atípico)
2023-05-24,20126.00596237795,16505.78168864086,23694.758872501206,2023-05-24,24437,3.6200618444355297,True,True,True,CRÍTICA (Consenso),linea 8,garibaldi/lagunilla,4311.0,Alza (Pico atípico)
2022-10-31,17962.764810787943,15255.159593021555,20532.58117180288,2022-10-31,21257,3.555820915780638,True,True,True,CRÍTICA (Consenso),linea 8,atlalilco,3294.0,Alza (Pico atípico)
2022-11-05,20131.15673257765,14780.39740695465,25410.035921105737,2022-11-05,25972,6.589475253904453,True,True,True,CRÍTICA (Consenso),linea 8,coyuya,5841.0,Alza (Pico atípico)
2026-06-15,5301.792225461467,4162.10714692683,6437.706148186706,2026-06-15,7365,5.870567708038232,True,True,True,CRÍTICA (Consenso),linea 8,chabacano,2063.0,Alza (Pico atípico)
2023-07-15,10607.02770047633,5924.64892890506,14890.136801266372,2023-07-15,16036,2546000000.0,True,True,True,CRÍTICA (Consenso),linea 8,iztacalco,5429.0,Alza (Pico atípico)
2022-03-12,18487.31757816461,13290.792367132517,23642.599714850025,2022-03-12,25352,5.556875586955277,True,True,True,CRÍTICA (Consenso),linea 8,coyuya,6865.0,Alza (Pico atípico)
2026-01-03,20666.848786313527,15639.998403621681,26154.443536987168,2026-01-03,29265,5.136030543218706,True,True,True,CRÍTICA (Consenso),linea 8,bellas artes,8598.0,Alza (Pico atípico)
2022-12-25,273.0051907751076,-740.8568210644222,1357.1755564239345,2022-12-25,2344,-6.696232988355107,True,True,True,CRÍTICA (Consenso),linea 8,la viga,2071.0,Alza (Pico atípico)
2023-12-17,8813.304460111249,6051.919093089959,11220.843545643134,2023-12-17,13285,10.941466438709721,True,True,True,CRÍTICA (Consenso),linea 8,atlalilco,4472.0,Alza (Pico atípico)
2024-07-09,16470.079054804115,11090.578679820588,21354.044717272496,2024-07-09,21475,7.118060092595246,True,True,True,CRÍTICA (Consenso),linea 8,bellas artes,5005.0,Alza (Pico atípico)
2023-03-04,6223.990494380575,5087.038260581491,7377.69391363739,2023-03-04,7699,6.213843007182772,True,True,True,CRÍTICA (Consenso),linea 8,la viga,1475.0,Alza (Pico atípico)
2022-06-12,4658.641950697555,3160.599957936334,6127.8191658331125,2022-06-12,8250,16.67912903732244,True,True,True,CRÍTICA (Consenso),linea 8,aculco,3591.0,Alza (Pico atípico)
2024-03-29,106360.35448553995,87626.12095019293,124927.75369661042,2024-03-29,58302,-20.938509251711437,True,True,True,CRÍTICA (Consenso),linea 8,constitución de 1917,-48058.0,Baja (Caída atípica)
2024-02-28,12932.597117685069,10711.008082066233,15194.708500320565,2024-02-28,9594,-7.7566437171041205,True,True,True,CRÍTICA (Consenso),linea 8,apatlaco,-3339.0,Baja (Caída atípica)
2023-04-08,11952.847801769389,10004.445674838471,13810.51901196645,2023-04-08,6157,-4.764079618080389,True,True,True,CRÍTICA (Consenso),linea 8,obrera,-5796.0,Baja (Caída atípica)
2025-04-19,6167.344163220473,4992.751281617155,7292.155748424915,2025-04-19,4519,-7.191529821644911,True,True,True,CRÍTICA (Consenso),linea 8,la viga,-1648.0,Baja (Caída atípica)
2026-06-06,19428.545063334,13881.70492002042,24741.92378985213,2026-06-06,10475,-8.88098080000069,True,True,True,CRÍTICA (Consenso),linea 8,bellas artes,-8954.0,Baja (Caída atípica)
2023-04-07,10722.396639224064,7911.444171905433,13405.81613539025,2023-04-07,2969,-6.567266734369431,True,True,True,CRÍTICA (Consenso),linea 8,doctores,-7753.0,Baja (Caída atípica)
2022-12-24,32137.999228408677,26156.37433201618,38476.070451344225,2022-12-24,21509,-12622000000.0,True,True,True,CRÍTICA (Consenso),linea 8,san juan de letrán,-10629.0,Baja (Caída atípica)
2024-12-24,25985.262468960784,19577.11385127052,31975.129260313,2024-12-24,17127,-5.5336847870312855,True,True,True,CRÍTICA (Consenso),linea 8,san juan de letrán,-8858.0,Baja (Caída atípica)
2024-03-29,14432.942520510445,11702.278620797346,17037.596092555905,2024-03-29,10563,-14.746439011352047,True,True,True,CRÍTICA (Consenso),linea 8,atlalilco,-3870.0,Baja (Caída atípica)
2022-12-26,11883.771193511977,9860.132009199508,13952.078763916657,2022-12-26,9643,-3.71738324271698,True,True,True,CRÍTICA (Consenso),linea 8,obrera,-2241.0,Baja (Caída atípica)
2025-04-18,4493.251745654994,3606.3892098904125,5340.07919866084,2025-04-18,2075,-13.686320298739286,True,True,True,CRÍTICA (Consenso),linea 8,santa anita,-2418.0,Baja (Caída atípica)
2024-03-30,6217.084480421855,5054.114996129104,7359.459475330153,2024-03-30,4481,-11.07288991149409,True,True,True,CRÍTICA (Consenso),linea 8,la viga,-1736.0,Baja (Caída atípica)
2025-04-18,18157.769778395985,14487.337319577768,21489.481921716048,2025-04-18,10171,-10.175598417122028,True,True,True,CRÍTICA (Consenso),linea 8,garibaldi/lagunilla,-7987.0,Baja (Caída atípica)
2026-06-11,14953.359120008816,11242.458918523444,18577.062083247187,2026-06-11,10496,-3.645601604998436,True,True,True,CRÍTICA (Consenso),linea 8,garibaldi/lagunilla,-4457.0,Baja (Caída atípica)
2022-09-17,22494.626005539438,18155.339740963478,27001.853314924047,2022-09-17,17544,-5.4967845002064015,True,True,True,CRÍTICA (Consenso),linea 8,uam-i,-4951.0,Baja (Caída atípica)
2023-07-22,8263.081640873028,5754.411829189932,10965.60042826154,2023-07-22,5624,-5.609842226767195,True,True,True,CRÍTICA (Consenso),linea 8,iztapalapa,-2639.0,Baja (Caída atípica)
2025-04-17,19556.821037029236,15642.74996481092,23644.406014430664,2025-04-17,12446,-84.99494965933707,True,True,True,CRÍTICA (Consenso),linea 8,escuadrón 201,-7111.0,Baja (Caída atípica)
2024-05-10,12090.869704968378,10255.197299278705,13980.664600872335,2024-05-10,9462,-3.979118662934889,True,True,True,CRÍTICA (Consenso),linea 8,cerro de la estrella,-2629.0,Baja (Caída atípica)
2024-03-30,83103.5425269141,64506.00250267388,102077.85726602843,2024-03-30,52813,-36.481896429948705,True,True,True,CRÍTICA (Consenso),linea 8,constitución de 1917,-30291.0,Baja (Caída atípica)
2023-11-02,23591.46265108707,19970.15207230875,27555.01755791284,2023-11-02,16735,-3.952236581032302,True,True,True,CRÍTICA (Consenso),linea 8,escuadrón 201,-6856.0,Baja (Caída atípica)
2023-11-02,20829.76640188685,17480.91305421659,24490.175256181596,2023-11-02,13008,-6.642453295098188,True,True,True,CRÍTICA (Consenso),linea 8,garibaldi/lagunilla,-7822.0,Baja (Caída atípica)
2025-04-10,42199.44293578481,35948.87198267852,48200.139626400545,2025-04-10,49347,10.729909048844771,True,True,True,CRÍTICA (Consenso),linea 9,chilpancingo,7148.0,Alza (Pico atípico)
2022-02-14,9099.087510491576,6513.057608237585,11789.176191551887,2022-02-14,12925,4.645555101978319,True,True,True,CRÍTICA (Consenso),linea 9,jamaica,3826.0,Alza (Pico atípico)
2023-04-26,6976.543475240894,830.2609154620723,13273.793438382809,2023-04-26,17469,116.81744671721599,True,True,True,CRÍTICA (Consenso),linea 9,ciudad deportiva,10492.0,Alza (Pico atípico)
2026-07-08,7724.788160136846,1311.9890149253758,13762.896884303726,2026-07-08,18234,43.514771200880986,True,True,True,CRÍTICA (Consenso),linea 9,ciudad deportiva,10509.0,Alza (Pico atípico)
2024-04-10,39448.926832803394,32991.78665950282,45401.49250908168,2024-04-10,46751,8.544548857068365,True,True,True,CRÍTICA (Consenso),linea 9,chilpancingo,7302.0,Alza (Pico atípico)
2022-10-08,16480.400597523498,11778.48694265221,20657.05189747158,2022-10-08,24234,5.39664057488002,True,True,True,CRÍTICA (Consenso),linea 9,mixiuhca,7754.0,Alza (Pico atípico)
2023-04-19,22882.061804780664,18541.222987579076,27209.925812440724,2023-04-19,27295,3.675368805412881,True,True,True,CRÍTICA (Consenso),linea 9,mixiuhca,4413.0,Alza (Pico atípico)
2022-12-25,1186.1401567423964,-6615.798419646961,9457.126119660368,2022-12-25,16839,-9.551061170221645,True,True,True,CRÍTICA (Consenso),linea 9,pantitlán,15653.0,Alza (Pico atípico)
2026-04-16,7103.545266428761,482.5971846825054,13405.1281034123,2026-04-16,17086,42.73922049050173,True,True,True,CRÍTICA (Consenso),linea 9,ciudad deportiva,9982.0,Alza (Pico atípico)
2026-07-11,9435.625523398192,3100.6393699761816,15659.247342327384,2026-07-11,20391,4.586947811735377,True,True,True,CRÍTICA (Consenso),linea 9,ciudad deportiva,10955.0,Alza (Pico atípico)
2023-12-31,22071.459140679992,14066.132015410489,30032.023964769127,2023-12-31,0,-4.492239426353142,True,True,True,CRÍTICA (Consenso),linea 9,pantitlán,-22071.0,Baja (Caída atípica)
2022-04-14,43579.009426682795,31829.794212830504,54926.46997432197,2022-04-14,28431,-30.342017099276962,True,True,True,CRÍTICA (Consenso),linea 9,tacubaya,-15148.0,Baja (Caída atípica)
2023-04-08,10515.300838630677,8094.372727802819,13066.595978708383,2023-04-08,7477,-8.256148670082153,True,True,True,CRÍTICA (Consenso),linea 9,jamaica,-3038.0,Baja (Caída atípica)
2024-03-28,60555.20797055633,48717.43045286874,71094.10879920468,2024-03-28,40070,-35.433247852314466,True,True,True,CRÍTICA (Consenso),linea 9,tacubaya,-20485.0,Baja (Caída atípica)
2023-04-07,8888.076146677782,5315.853855310753,12711.18975354547,2023-04-07,3942,-9.836064539384877,True,True,True,CRÍTICA (Consenso),linea 9,chabacano,-4946.0,Baja (Caída atípica)
2023-12-29,33064.833516979204,25666.23550014633,40574.39456955306,2023-12-29,0,-38272000000.0,True,True,True,CRÍTICA (Consenso),linea 9,puebla,-33065.0,Baja (Caída atípica)
2024-01-06,27076.086976331335,19498.217936584904,34852.72721688048,2024-01-06,0,-3.5778927797299374,True,True,True,CRÍTICA (Consenso),linea 9,puebla,-27076.0,Baja (Caída atípica)
2025-04-18,43106.41611428284,37239.95172501579,49577.97753898891,2025-04-18,18230,-51.25639818789582,True,True,True,CRÍTICA (Consenso),linea 9,chilpancingo,-24876.0,Baja (Caída atípica)
2025-04-18,7912.908641571947,4503.661504573825,11418.773302378611,2025-04-18,3182,-19.99431016960334,True,True,True,CRÍTICA (Consenso),linea 9,chabacano,-4731.0,Baja (Caída atípica)
2024-06-13,61294.99670233716,49149.44423153674,73556.85729994031,2024-06-13,45350,-28.70413133721024,True,True,True,CRÍTICA (Consenso),linea 9,tacubaya,-15945.0,Baja (Caída atípica)
2023-10-13,15253.927380762312,12799.163002192967,17608.140378323787,2023-10-13,12582,-4.86265680885215,True,True,True,CRÍTICA (Consenso),linea 9,centro médico,-2672.0,Baja (Caída atípica)
2023-04-06,40376.60053612613,34130.46084633796,46317.85205949097,2023-04-06,25456,-3135.369766732469,True,True,True,CRÍTICA (Consenso),linea 9,chilpancingo,-14921.0,Baja (Caída atípica)
2023-10-27,60983.705775836446,49074.121813104044,72492.74280327797,2023-10-27,43985,-1125000000.0,True,True,True,CRÍTICA (Consenso),linea 9,tacubaya,-16999.0,Baja (Caída atípica)
2025-04-18,28159.91712435903,20498.425412007775,35957.262915086496,2025-04-18,15110,-21.99939440384619,True,True,True,CRÍTICA (Consenso),linea 9,puebla,-13050.0,Baja (Caída atípica)
2023-01-01,-4.9159350047011685,-4720.286264920694,4442.7323417422,2023-01-01,6669,-3.5064279839341417,True,True,True,CRÍTICA (Consenso),linea a,guelatao,6674.0,Alza (Pico atípico)
2022-08-11,16165.00294057839,13071.386050358404,19039.41933772947,2022-08-11,22307,6.525698091463231,True,True,True,CRÍTICA (Consenso),linea a,acatitla,6142.0,Alza (Pico atípico)
2022-06-30,15218.68852971205,12484.842626689251,18155.091947280598,2022-06-30,18807,4.335817361070823,True,True,True,CRÍTICA (Consenso),linea a,acatitla,3588.0,Alza (Pico atípico)
2022-07-17,19119.843761782664,11058.981621700965,27263.936747982756,2022-07-17,27968,19092000000.0,True,True,True,CRÍTICA (Consenso),linea a,pantitlán,8848.0,Alza (Pico atípico)
2022-12-11,12222.937373609937,9600.870966184768,15123.6820281742,2022-12-11,17597,5.1405066686331615,True,True,True,CRÍTICA (Consenso),linea a,acatitla,5374.0,Alza (Pico atípico)
2026-04-04,33534.593738671334,24729.91100573583,41754.94761255733,2026-04-04,23354,-12.87921251645463,True,True,True,CRÍTICA (Consenso),linea a,la paz,-10181.0,Baja (Caída atípica)
2023-12-26,11824.369015017171,9437.632124997874,14262.550728053768,2023-12-26,9333,-3.8738307025957677,True,True,True,CRÍTICA (Consenso),linea a,peñón viejo,-2491.0,Baja (Caída atípica)
2023-04-07,32370.412231170638,24986.863762458586,39456.0363857349,2023-04-07,16715,-12.138917495894985,True,True,True,CRÍTICA (Consenso),linea a,santa marta,-15655.0,Baja (Caída atípica)
2023-04-08,30275.046119874038,22065.54194394007,38691.80020912005,2023-04-08,22034,-14.137409063606746,True,True,True,CRÍTICA (Consenso),linea a,la paz,-8241.0,Baja (Caída atípica)
2022-12-30,41738.47518243543,32371.431642612188,50939.4759001435,2022-12-30,31013,-16.388211189263224,True,True,True,CRÍTICA (Consenso),linea a,la paz,-10725.0,Baja (Caída atípica)
2024-03-28,11728.078893619495,9339.970953621243,14100.587575435948,2024-03-28,8556,-12.81233991943017,True,True,True,CRÍTICA (Consenso),linea a,peñón viejo,-3172.0,Baja (Caída atípica)
2025-04-18,32580.42592613565,24702.481180183564,41270.34844774927,2025-04-18,12804,-28.661268872364705,True,True,True,CRÍTICA (Consenso),linea a,pantitlán,-19776.0,Baja (Caída atípica)
2025-12-26,11616.322816868069,9145.18330224679,14323.070000174326,2025-12-26,8657,-13.685500723264349,True,True,True,CRÍTICA (Consenso),linea a,agrícola oriental,-2959.0,Baja (Caída atípica)
2023-04-11,11797.636984110728,9553.895570335502,14094.509984367733,2023-04-11,8047,-3.513030411145032,True,True,True,CRÍTICA (Consenso),linea a,peñón viejo,-3751.0,Baja (Caída atípica)
2023-04-14,12189.745098227375,9742.730572012564,14568.07375881803,2023-04-14,9738,-4.12391924726839,True,True,True,CRÍTICA (Consenso),linea a,peñón viejo,-2452.0,Baja (Caída atípica)
2026-01-01,12659.910132121098,8551.24079125208,16578.38793578546,2026-01-01,7365,-4.764234585323264,True,True,True,CRÍTICA (Consenso),linea a,los reyes,-5295.0,Baja (Caída atípica)
2025-12-24,31895.582032234637,23303.125647406298,40265.18667190652,2025-12-24,22591,-3.779703544600741,True,True,True,CRÍTICA (Consenso),linea a,pantitlán,-9305.0,Baja (Caída atípica)
2024-11-01,12876.761223843418,10558.741852876783,15061.988705856305,2024-11-01,9730,-8.500531536459437,True,True,True,CRÍTICA (Consenso),linea a,canal de san juan,-3147.0,Baja (Caída atípica)
2023-04-08,18487.322864045167,11908.048408460389,24531.75570059217,2023-04-08,10857,-7.967422089171067,True,True,True,CRÍTICA (Consenso),linea a,tepalcates,-7630.0,Baja (Caída atípica)
2022-11-27,18034.23945735528,14018.220171083662,22271.711348450353,2022-11-27,23047,6.051214246548044,True,True,True,CRÍTICA (Consenso),linea b,san lázaro,5013.0,Alza (Pico atípico)
2023-02-04,5254.337434884904,4334.192758456217,6279.0171325671645,2023-02-04,7355,37.081305357945894,True,True,True,CRÍTICA (Consenso),linea b,morelos,2101.0,Alza (Pico atípico)
2026-06-17,18305.08737193787,13420.340072144281,22931.12865700458,2026-06-17,25501,4.016713888940902,True,True,True,CRÍTICA (Consenso),linea b,lagunilla,7196.0,Alza (Pico atípico)
2025-11-14,19054.53806045698,16346.470635233785,21634.40842582029,2025-11-14,23070,6.731447680407662,True,True,True,CRÍTICA (Consenso),linea b,plaza aragón,4015.0,Alza (Pico atípico)
2023-03-01,28700.112116343178,23968.023930205367,33758.34792901848,2023-03-01,37809,109.86058845992144,True,True,True,CRÍTICA (Consenso),linea b,múzquiz,9109.0,Alza (Pico atípico)
2025-11-05,16948.60428103424,14317.133720651938,19662.276232178603,2025-11-05,20200,7.332367270777416,True,True,True,CRÍTICA (Consenso),linea b,olímpica,3251.0,Alza (Pico atípico)
2023-01-02,25116.638246198214,21263.202258291072,29337.871383228845,2023-01-02,29568,6.683287440177187,True,True,True,CRÍTICA (Consenso),linea b,san lázaro,4451.0,Alza (Pico atípico)
2024-03-30,5644.646534025142,4283.49073788147,7015.336523281972,2024-03-30,7357,37.09699072864701,True,True,True,CRÍTICA (Consenso),linea b,bosque de aragón,1712.0,Alza (Pico atípico)
2023-01-04,16528.820214186057,13883.1557512692,19074.571834227543,2023-01-04,19132,2169000000.0,True,True,True,CRÍTICA (Consenso),linea b,plaza aragón,2603.0,Alza (Pico atípico)
2025-11-07,8772.367032582917,7002.230623638626,10696.882238717733,2025-11-07,10893,28.205976782096922,True,True,True,CRÍTICA (Consenso),linea b,oceanía,2121.0,Alza (Pico atípico)
2023-01-01,82.36586111587985,-1298.7380883802487,1289.9325898598086,2023-01-01,1967,-5.25945933250597,True,True,True,CRÍTICA (Consenso),linea b,guerrero,1885.0,Alza (Pico atípico)
2022-10-13,5225.44387808858,3848.9786256245507,6725.389581887893,2022-10-13,6791,4.113836190961612,True,True,True,CRÍTICA (Consenso),linea b,bosque de aragón,1566.0,Alza (Pico atípico)
2023-03-02,28842.995285020872,24296.625358600362,33588.08289873183,2023-03-02,36167,6.576984577972173,True,True,True,CRÍTICA (Consenso),linea b,múzquiz,7324.0,Alza (Pico atípico)
2026-06-11,16018.846621238217,13427.913032951825,18622.13690355064,2026-06-11,11946,-6.996244141520594,True,True,True,CRÍTICA (Consenso),linea b,olímpica,-4073.0,Baja (Caída atípica)
2023-04-08,7490.786976976664,5660.820706342734,9261.322493743204,2023-04-08,4619,-5.730272487057562,True,True,True,CRÍTICA (Consenso),linea b,oceanía,-2872.0,Baja (Caída atípica)
2023-09-19,49945.13306439729,39588.967707282,60769.577005649306,2023-09-19,37407,-9.98508685627937,True,True,True,CRÍTICA (Consenso),linea b,buenavista,-12538.0,Baja (Caída atípica)
2022-12-26,52848.675459808874,42883.74537165717,63328.431804569635,2022-12-26,36408,-9.714655601640423,True,True,True,CRÍTICA (Consenso),linea b,buenavista,-16441.0,Baja (Caída atípica)
2024-03-28,14459.720266958238,10659.133283793917,17978.323980642497,2024-03-28,7291,-7.664058350016248,True,True,True,CRÍTICA (Consenso),linea b,deportivo oceanía,-7169.0,Baja (Caída atípica)
2026-03-20,5172.926583976351,3778.124645869042,6664.264972434002,2026-03-20,2929,-11.634965549341814,True,True,True,CRÍTICA (Consenso),linea b,bosque de aragón,-2244.0,Baja (Caída atípica)
2026-01-01,28364.60541807429,19474.11039657082,37505.853838707466,2026-01-01,16801,-3.6934839329441584,True,True,True,CRÍTICA (Consenso),linea b,ciudad azteca,-11564.0,Baja (Caída atípica)
2026-04-03,5292.170744876493,3512.6076242331396,7011.340745756901,2026-04-03,2080,-8.353692940945354,True,True,True,CRÍTICA (Consenso),linea b,garibaldi/lagunilla,-3212.0,Baja (Caída atípica)
2025-05-10,17464.763809541695,12899.686373946193,22355.79727058063,2025-05-10,12642,-8.802531279003725,True,True,True,CRÍTICA (Consenso),linea b,nezahualcóyotl,-4823.0,Baja (Caída atípica)
2025-04-17,6207.738607935967,5238.321440537483,7197.4057416319265,2025-04-17,4270,-15.705054344745093,True,True,True,CRÍTICA (Consenso),linea b,ricardo flores magón,-1938.0,Baja (Caída atípica)
2022-04-16,22578.501594412523,17284.93769951581,27932.286467916365,2022-04-16,11517,-10.549538975024186,True,True,True,CRÍTICA (Consenso),linea b,lagunilla,-11062.0,Baja (Caída atípica)
2026-05-05,13683.484460201305,10292.118542441382,17101.336196551427,2026-05-05,9319,-3.7676020932002237,True,True,True,CRÍTICA (Consenso),linea b,deportivo oceanía,-4364.0,Baja (Caída atípica)
2025-04-17,23540.024974779495,18591.81893923743,28694.098896572108,2025-04-17,13521,-20.587581343917247,True,True,True,CRÍTICA (Consenso),linea b,ecatepec,-10019.0,Baja (Caída atípica)
2024-08-26,25215.80735077153,20112.11219680141,30067.153255798235,2024-08-26,14538,-8.074479301160869,True,True,True,CRÍTICA (Consenso),linea b,múzquiz,-10678.0,Baja (Caída atípica)
2025-01-01,27242.292583305774,18647.755736425646,35837.78858177328,2025-01-01,15584,-25625000000.0,True,True,True,CRÍTICA (Consenso),linea b,ciudad azteca,-11658.0,Baja (Caída atípica)
2023-04-07,53758.58859985779,43772.073504536034,63701.10441556388,2023-04-07,28549,-29362000000.0,True,True,True,CRÍTICA (Consenso),linea b,buenavista,-25210.0,Baja (Caída atípica)
2022-02-05,13116.300513629503,10649.644395748168,15914.250452545533,2022-02-05,9411,-3002000000.0,True,True,True,CRÍTICA (Consenso),linea b,plaza aragón,-3705.0,Baja (Caída atípica)
2022-05-10,15055.580122121168,11805.88131710706,18392.066703293298,2022-05-10,11645,-4.015267439051093,True,True,True,CRÍTICA (Consenso),linea b,deportivo oceanía,-3411.0,Baja (Caída atípica)
2022-05-29,10033.605342303761,5961.507720450438,14064.557267217615,2022-05-29,5446,-10.55878200896973,True,True,True,CRÍTICA (Consenso),linea b,san lázaro,-4588.0,Baja (Caída atípica)
2024-06-02,8097.531179326459,6222.5148961388595,9978.218466009865,2024-06-02,5759,-15.381679388371127,True,True,True,CRÍTICA (Consenso),linea b,garibaldi/lagunilla,-2339.0,Baja (Caída atípica)
2026-01-11,3062.1815120788406,1225.4698463019724,4967.49954244309,2026-01-11,0,-8.037224563679013,True,True,True,CRÍTICA (Consenso),linea b,oceanía,-3062.0,Baja (Caída atípica)
2024-03-29,4971.9516839193375,3912.9152528683376,6038.892180649355,2024-03-29,3075,-7.059093441012344,True,True,True,CRÍTICA (Consenso),linea b,morelos,-1897.0,Baja (Caída atípica)
2023-04-07,13814.171827622575,11693.283551114233,15848.429764030481,2023-04-07,9073,-5.375022429082282,True,True,True,CRÍTICA (Consenso),linea b,romero rubio,-4741.0,Baja (Caída atípica)
2024-03-30,22041.745554733796,16841.888348522574,27299.05661030668,2024-03-30,11726,-7.8282865302982145,True,True,True,CRÍTICA (Consenso),linea b,lagunilla,-10316.0,Baja (Caída atípica)
2025-04-18,45966.380724445684,37360.163682069375,54938.761717233465,2025-04-18,22617,-28.737979001459117,True,True,True,CRÍTICA (Consenso),linea b,ciudad azteca,-23349.0,Baja (Caída atípica)
2025-04-17,13901.179127940675,9790.55188790546,17992.228909642872,2025-04-17,6322,-31.431269306808936,True,True,True,CRÍTICA (Consenso),linea b,villa de aragón,-7579.0,Baja (Caída atípica)
